loan_id,married,gender,dependency,Self_Employee,Applicant,coapplicant,Loan_amount,creadit_his,propert,loan_status
LN1000,Yes,Female,0,Yes,17154,13688,133487,0,Rural,Rejected
LN1001,Yes,Male,0,Yes,,2995,50849,1,Urban,Rejected
LN1002,Yes,Male,1,No,21923,3046,85520,0,Semiurban,Rejected
LN1003,,Female,3+,No,19718,14947,,1,Rural,Rejected
LN1004,Yes,Female,3+,Yes,9636,319,299794,0,Rural,Rejected
LN1005,Yes,Male,1,Yes,9129,4606,299643,1,,Approved
LN1006,No,,1,Yes,19098,2451,471739,1,Urban,Approved
LN1007,No,Female,1,Yes,13431,11621,232705,0,Semiurban,Approved
LN1008,No,Female,0,No,2105,8731,251771,0,Semiurban,Rejected
LN1009,Yes,Female,0,No,10321,9293,166588,1,Semiurban,Approved
LN1010,Yes,Male,3+,No,,8907,281609,1,Urban,Rejected
LN1011,,Female,1,Yes,22330,8953,459094,0,Urban,Approved
LN1012,Yes,Female,3+,Yes,14500,11133,300576,1,Rural,Approved
LN1013,Yes,Male,2,No,23657,9642,228942,0,Rural,Rejected
LN1014,,Male,2,Yes,24852,5124,246636,1,Rural,Approved
LN1015,Yes,Female,1,No,8034,8715,205068,1,Semiurban,Approved
LN1016,No,Male,0,Yes,17148,14460,344499,1,Rural,Rejected
LN1017,Yes,Male,3+,Yes,12196,2574,92892,0,Urban,Rejected
LN1018,Yes,Female,0,No,,8607,218370,0,Urban,Approved
LN1019,No,Female,1,Yes,24377,7990,297666,0,Rural,Rejected
LN1020,No,Male,3+,Yes,18015,6355,201264,0,Rural,Approved
LN1021,No,Male,2,No,8444,961,286080,0,Urban,Rejected
LN1022,No,Male,2,Yes,12678,10980,98678,0,Urban,Approved
LN1023,No,Male,1,No,16238,11800,,1,Urban,Rejected
LN1024,Yes,Male,0,No,18280,6648,246145,0,Rural,Rejected
LN1025,Yes,Female,3+,Yes,22714,3792,114460,0,Urban,Rejected
LN1026,,Female,1,Yes,15258,1767,136555,1,Semiurban,Rejected
LN1027,No,Female,1,No,5026,1264,447033,,Semiurban,Approved
LN1028,Yes,Male,2,No,4994,10834,341973,0,Urban,Approved
LN1029,No,Female,3+,,21956,13480,263663,1,Rural,Rejected
LN1030,Yes,Male,3+,Yes,4205,2839,304193,1,Urban,Rejected
LN1031,Yes,Female,2,Yes,6794,9957,117623,1,,Approved
LN1032,Yes,Male,0,Yes,10152,8512,489335,1,Semiurban,Rejected
LN1033,Yes,Male,0,Yes,18701,5336,148175,0,Rural,Rejected
LN1034,No,Male,0,Yes,9635,4606,339196,0,Urban,Rejected
LN1035,No,Male,2,No,12558,6519,139685,1,Urban,Rejected
LN1036,No,Female,,Yes,5928,10503,211891,1,Urban,Approved
LN1037,No,Female,0,No,,,231236,0,Rural,Approved
LN1038,No,Male,1,Yes,19084,9211,276978,0,Urban,Rejected
LN1039,Yes,Male,3+,No,24776,8557,307453,0,Semiurban,Rejected
LN1040,Yes,Female,3+,No,14682,5214,320839,1,Semiurban,Rejected
LN1041,No,Male,0,No,18610,14494,402622,0,Rural,Approved
LN1042,Yes,Male,1,Yes,18373,706,126683,1,Urban,Rejected
LN1043,No,Female,0,No,15302,5929,448620,1,Urban,Approved
LN1044,No,Male,1,Yes,5578,14799,244239,1,Rural,Approved
LN1045,No,Female,0,Yes,8770,10336,324868,1,Urban,Approved
LN1046,No,Female,0,Yes,22754,,190849,1,Rural,Rejected
LN1047,Yes,Female,1,No,,1587,234358,1,Rural,Rejected
LN1048,No,,3+,No,9918,295,448232,0,Urban,Rejected
LN1049,,Male,0,Yes,6978,6639,330860,0,Rural,Approved
LN1050,Yes,Female,1,Yes,19676,6559,95168,1,Semiurban,Rejected
LN1051,No,Female,0,Yes,11199,8593,411511,1,Rural,Approved
LN1052,No,Male,2,Yes,11980,11018,347573,0,Urban,Approved
LN1053,Yes,Female,1,Yes,,9533,193558,1,Rural,Rejected
LN1054,Yes,Female,2,Yes,17719,9041,436250,1,,Approved
LN1055,No,Male,0,Yes,16500,14157,404993,0,Urban,Approved
LN1056,No,Female,3+,Yes,11890,3934,56261,,Urban,Approved
LN1057,Yes,Male,0,Yes,7118,200,70084,1,Urban,Approved
LN1058,No,Male,1,Yes,17962,14634,493860,0,Semiurban,Approved
LN1059,Yes,Male,2,,16008,14324,235985,1,Urban,Approved
LN1060,Yes,Male,3+,No,18792,,495560,0,Rural,Rejected
LN1061,Yes,Female,0,Yes,24492,13051,214351,0,Urban,Approved
LN1062,No,Male,2,No,3183,11944,112662,1,Semiurban,Rejected
LN1063,No,Female,1,,9258,3053,429793,0,Rural,Approved
LN1064,No,Female,3+,Yes,,510,298700,,Urban,Rejected
LN1065,Yes,Female,1,Yes,21602,3133,368568,1,Semiurban,Approved
LN1066,Yes,,2,,3481,14947,399778,0,Urban,Approved
LN1067,Yes,Male,2,No,9283,1358,357958,1,Rural,Approved
LN1068,No,Female,1,Yes,22378,359,265325,1,Rural,Approved
LN1069,Yes,Male,2,No,8374,9044,94295,0,Urban,Approved
LN1070,No,Male,3+,Yes,18277,448,156509,0,Rural,Rejected
LN1071,,Male,1,Yes,16139,11024,436842,1,Urban,Rejected
LN1072,Yes,Male,1,Yes,10618,13296,328575,1,Semiurban,Rejected
LN1073,Yes,Male,1,No,20749,2293,386766,0,Semiurban,Rejected
LN1074,Yes,Male,0,Yes,10035,7453,258616,1,Semiurban,Rejected
LN1075,Yes,Female,2,Yes,19421,6498,167258,0,,Approved
LN1076,Yes,Male,0,No,11308,9869,62361,1,,Approved
LN1077,No,Male,1,No,11998,4750,124456,1,Semiurban,Rejected
LN1078,Yes,Male,1,,18362,6249,458585,1,Urban,Rejected
LN1079,Yes,Male,1,No,12018,13755,464022,1,Urban,Rejected
LN1080,Yes,Male,1,Yes,10825,10682,467631,0,Rural,Approved
LN1081,No,Female,2,Yes,14396,14181,305183,1,Rural,Rejected
LN1082,Yes,Male,2,Yes,6162,3533,497045,0,Rural,Rejected
LN1083,Yes,Male,1,,2133,4986,151462,1,Semiurban,Approved
LN1084,No,Female,0,Yes,6224,1079,433936,0,Semiurban,Rejected
LN1085,Yes,Male,,No,13568,4566,428571,0,Semiurban,Rejected
LN1086,No,Female,0,Yes,8173,7130,68259,0,Semiurban,Approved
LN1087,No,Female,2,No,11610,12173,466961,1,Rural,Rejected
LN1088,No,Female,3+,No,7032,1090,340797,0,Urban,Rejected
LN1089,Yes,Male,2,Yes,4353,1972,421757,,Semiurban,Rejected
LN1090,Yes,Male,3+,No,2552,54,331228,0,Urban,Rejected
LN1091,Yes,,2,Yes,8729,4575,432248,0,Urban,Rejected
LN1092,No,Male,3+,Yes,2447,463,394434,0,Semiurban,Approved
LN1093,No,Female,3+,Yes,13344,5026,456030,1,Semiurban,Rejected
LN1094,,Female,3+,No,19292,246,389001,0,Urban,
LN1095,Yes,Female,0,No,9517,8182,73739,0,Urban,Approved
LN1096,Yes,Male,0,No,2372,8444,444016,1,Rural,Approved
LN1097,No,Female,1,Yes,10733,8663,166134,1,Semiurban,Approved
LN1098,Yes,Male,1,Yes,13874,4374,395638,1,Semiurban,Rejected
LN1099,Yes,Male,2,Yes,19331,13332,79015,0,Semiurban,Rejected
LN1100,No,Female,0,Yes,14148,1575,321817,1,Urban,Approved
LN1101,Yes,Male,2,No,6663,7861,477255,0,Rural,Rejected
LN1102,No,Male,0,No,6416,6996,348596,0,Semiurban,Rejected
LN1103,Yes,Female,1,No,8552,8453,283238,0,Urban,Rejected
LN1104,Yes,Male,2,No,11204,286,225808,0,Semiurban,Approved
LN1105,No,Female,1,No,14291,677,350883,1,Urban,Rejected
LN1106,No,Female,0,No,13084,9742,50613,0,Semiurban,Approved
LN1107,No,Male,1,No,15573,,264353,0,Rural,Rejected
LN1108,No,Female,2,Yes,9136,7466,174766,1,Urban,Approved
LN1109,Yes,Female,3+,Yes,10652,11549,107488,0,Rural,Approved
LN1110,Yes,Male,0,Yes,8282,8760,155693,0,Semiurban,Approved
LN1111,,Male,0,Yes,24097,14429,417270,1,Rural,Approved
LN1112,No,Male,2,No,15412,1104,,1,Rural,Rejected
LN1113,Yes,Female,0,Yes,17740,11661,137000,0,Semiurban,Rejected
LN1114,Yes,Female,1,,19766,9310,88744,1,Semiurban,Rejected
LN1115,Yes,,,No,10452,6274,365704,0,Semiurban,Rejected
LN1116,No,Male,0,No,17437,564,100629,,Rural,Rejected
LN1117,No,Male,0,No,,5229,463890,1,Semiurban,Approved
LN1118,No,Male,2,Yes,22105,3537,59384,1,Semiurban,Rejected
LN1119,No,Female,1,Yes,12407,6754,103144,0,,Approved
LN1120,Yes,Female,2,No,3858,9169,,1,Semiurban,Rejected
LN1121,No,Male,0,Yes,9467,1868,265925,0,Rural,Rejected
LN1122,No,Male,2,Yes,5290,13955,,0,Urban,Rejected
LN1123,Yes,Female,2,No,24645,14743,456248,0,Rural,Rejected
LN1124,No,,2,No,12289,4692,263261,1,Urban,Rejected
LN1125,Yes,Female,2,No,14737,8911,465172,1,Semiurban,Rejected
LN1126,Yes,Male,2,Yes,14319,1578,66259,0,Semiurban,Approved
LN1127,No,Male,2,Yes,13661,7692,224204,0,Rural,Rejected
LN1128,No,Female,1,No,21716,,444908,0,Urban,Approved
LN1129,No,Female,3+,No,21675,10658,436922,0,Semiurban,Rejected
LN1130,No,Male,0,Yes,7120,10279,116564,0,,Approved
LN1131,No,Female,2,No,,9184,474612,0,Semiurban,Approved
LN1132,No,Female,1,No,8747,1865,251767,0,Urban,Rejected
LN1133,No,Male,0,No,15855,10048,419710,0,,Approved
LN1134,Yes,Female,2,No,,5547,316453,0,Semiurban,Approved
LN1135,No,Female,2,No,8921,5254,,1,Semiurban,Rejected
LN1136,No,Male,1,No,21155,8014,154080,1,Rural,Rejected
LN1137,Yes,Female,3+,Yes,14019,13821,451689,0,Urban,Rejected
LN1138,No,Male,1,,16823,8163,209510,,Semiurban,Rejected
LN1139,Yes,Male,0,No,,3376,131605,0,Semiurban,Rejected
LN1140,Yes,Male,3+,Yes,6409,2520,330544,0,Semiurban,Approved
LN1141,Yes,Female,3+,No,19550,6797,85316,0,Semiurban,Approved
LN1142,Yes,Male,3+,No,17350,12027,414712,0,Urban,Rejected
LN1143,Yes,Male,0,Yes,17881,8258,429741,0,Urban,Approved
LN1144,Yes,Female,3+,No,18438,2116,467049,0,Semiurban,Approved
LN1145,No,Male,0,No,5400,1712,248894,0,Semiurban,Rejected
LN1146,Yes,Female,1,Yes,5993,14247,467640,1,Urban,Rejected
LN1147,No,Male,2,Yes,11880,6211,389892,1,Rural,Rejected
LN1148,Yes,Male,0,Yes,17656,8443,125016,0,Rural,Approved
LN1149,No,,0,No,12453,11842,343104,1,Urban,Approved
LN1150,Yes,Female,2,Yes,6526,5052,349272,1,,Rejected
LN1151,Yes,Female,1,Yes,20501,13226,273881,1,Rural,Rejected
LN1152,Yes,Male,1,Yes,18544,2901,175425,0,Rural,Approved
LN1153,No,Male,1,Yes,16684,3019,477513,0,Urban,Approved
LN1154,Yes,Male,3+,Yes,3419,13068,401051,0,Rural,Rejected
LN1155,Yes,Female,,No,13552,5834,208026,1,Urban,Approved
LN1156,Yes,Male,0,Yes,17611,6176,332212,1,Urban,Rejected
LN1157,Yes,Male,0,No,16420,7870,267789,1,Urban,
LN1158,Yes,Male,1,Yes,10953,5934,107060,0,Semiurban,Approved
LN1159,Yes,Female,1,No,3786,205,141483,0,Urban,Approved
LN1160,No,Male,3+,Yes,4824,5052,406776,1,Rural,Rejected
LN1161,Yes,Female,1,No,11169,,394355,0,,Rejected
LN1162,,,3+,Yes,15853,8327,241390,0,Semiurban,
LN1163,Yes,Female,2,No,22664,9015,129321,1,Rural,Rejected
LN1164,Yes,Male,0,Yes,14558,5489,82808,1,Rural,Approved
LN1165,No,,2,Yes,13799,5104,371690,0,Urban,Rejected
LN1166,Yes,Female,2,No,5475,13887,314006,1,Urban,Approved
LN1167,Yes,Male,0,Yes,9857,11523,117973,0,Semiurban,Approved
LN1168,No,Male,2,Yes,5623,5755,276423,1,Rural,Rejected
LN1169,Yes,Female,0,No,13246,11837,293257,1,Urban,Rejected
LN1170,No,Female,1,Yes,13935,11802,295741,1,Semiurban,Approved
LN1171,No,Male,0,No,5171,,75652,1,Semiurban,Rejected
LN1172,,Female,3+,Yes,,8667,159828,1,Urban,Approved
LN1173,No,Female,3+,No,19277,,244896,1,Semiurban,Rejected
LN1174,Yes,Female,3+,Yes,12949,8794,496782,0,Rural,Approved
LN1175,Yes,Male,2,No,16653,5568,302654,1,Semiurban,Rejected
LN1176,No,Male,2,No,,9482,272035,1,Rural,Approved
LN1177,Yes,Male,2,No,2701,12489,210402,1,Urban,Approved
LN1178,No,Male,2,Yes,4259,6440,262117,1,Semiurban,Rejected
LN1179,No,Male,1,Yes,17530,354,139006,0,Rural,
LN1180,Yes,Female,3+,No,15882,862,,0,Urban,Rejected
LN1181,No,Male,0,No,,11031,240610,0,Semiurban,Approved
LN1182,No,Female,0,Yes,6930,5820,143144,0,Semiurban,Approved
LN1183,No,Male,0,Yes,19398,2487,324269,0,Semiurban,Rejected
LN1184,No,Male,2,Yes,,3996,370321,1,Rural,
LN1185,No,Male,3+,Yes,2233,11754,464721,0,Rural,Rejected
LN1186,Yes,Male,1,Yes,15954,11353,382566,1,Semiurban,Rejected
LN1187,Yes,Male,2,No,16517,8705,221471,0,Rural,Approved
LN1188,No,Female,0,Yes,5603,7003,61008,0,Semiurban,Rejected
LN1189,Yes,Male,2,No,23204,13354,58739,,Semiurban,Rejected
LN1190,No,Male,2,Yes,5004,394,293857,0,Semiurban,Approved
LN1191,No,Female,3+,Yes,15649,8286,115601,1,Semiurban,Approved
LN1192,Yes,Female,2,Yes,11935,7346,235947,1,Semiurban,Rejected
LN1193,No,Female,2,Yes,19917,12800,233357,1,Rural,Rejected
LN1194,No,,1,Yes,3313,13065,192205,0,Urban,Approved
LN1195,No,Female,1,Yes,22828,7793,317352,1,Urban,Approved
LN1196,No,Male,3+,No,,12922,418740,0,Semiurban,Approved
LN1197,No,Male,1,Yes,18968,13752,400886,1,Urban,Approved
LN1198,Yes,Female,2,Yes,4002,6985,484016,0,Urban,
LN1199,No,Female,3+,No,22557,1613,167838,1,Semiurban,Rejected
LN1200,No,Male,0,No,19084,3513,469175,0,Semiurban,Approved
LN1201,Yes,Male,1,Yes,5332,14445,106801,1,Urban,Rejected
LN1202,Yes,Male,3+,Yes,24717,10041,407464,0,Urban,Rejected
LN1203,No,Female,3+,,21973,10182,270249,1,Urban,Rejected
LN1204,Yes,,2,Yes,20964,5229,285874,,Urban,Approved
LN1205,Yes,Female,1,No,15359,9908,,0,Semiurban,Rejected
LN1206,No,Female,1,Yes,12758,6604,94239,1,Semiurban,Rejected
LN1207,Yes,Male,0,Yes,15744,4960,110001,0,Semiurban,Approved
LN1208,No,Female,0,No,,2143,177500,0,,Rejected
LN1209,Yes,Male,2,No,10534,,185652,1,Rural,Rejected
LN1210,Yes,Male,1,No,7853,8209,88446,0,Semiurban,Approved
LN1211,No,Female,2,No,22939,11053,321361,0,Urban,Approved
LN1212,Yes,Male,3+,No,11311,10527,235468,0,,Approved
LN1213,Yes,Male,0,Yes,4687,11043,,0,Semiurban,Rejected
LN1214,No,Female,3+,No,11101,6908,124262,1,Rural,Approved
LN1215,No,Female,2,No,5317,2164,,0,Semiurban,Rejected
LN1216,No,Male,2,Yes,5084,9144,472511,1,Urban,Approved
LN1217,Yes,Male,0,No,14966,13518,81010,0,Rural,Rejected
LN1218,Yes,Male,3+,Yes,17854,6740,145230,0,Rural,Approved
LN1219,Yes,Female,2,No,14354,6703,190736,0,Semiurban,Approved
LN1220,Yes,Male,1,Yes,7583,8852,182225,,Urban,Approved
LN1221,No,Male,3+,,24800,2254,412669,1,Urban,Rejected
LN1222,No,Male,1,No,7872,14543,172437,0,Urban,Rejected
LN1223,Yes,Male,1,Yes,4601,780,219255,,Rural,Approved
LN1224,Yes,Male,0,No,13039,10798,420976,1,Rural,Rejected
LN1225,Yes,Female,1,No,2691,3503,,0,Semiurban,Approved
LN1226,Yes,Male,0,,13837,14248,119740,0,Urban,Rejected
LN1227,Yes,Male,2,No,15398,1186,78328,1,Rural,Rejected
LN1228,No,Male,1,Yes,22976,13655,480760,1,Semiurban,Approved
LN1229,No,Female,2,Yes,17809,10476,262247,0,Semiurban,Approved
LN1230,Yes,Female,1,No,18163,13769,436193,1,Urban,Approved
LN1231,,,3+,No,8025,,93910,0,Semiurban,Approved
LN1232,No,Female,2,No,5201,6921,106499,1,Rural,Rejected
LN1233,No,Female,1,Yes,7231,7101,141797,0,Urban,Rejected
LN1234,Yes,Male,0,,18474,5211,,0,Semiurban,Approved
LN1235,No,Male,0,No,18280,8558,302402,1,Urban,Rejected
LN1236,Yes,Female,3+,Yes,11468,3416,99432,0,Urban,Approved
LN1237,Yes,Female,2,No,15269,6827,64412,1,Rural,Approved
LN1238,Yes,Male,0,No,15380,13838,385228,0,Urban,Rejected
LN1239,Yes,Male,3+,Yes,8866,8239,293973,0,Rural,Approved
LN1240,No,Male,2,No,20517,9987,289942,1,Urban,Rejected
LN1241,No,Female,3+,Yes,9270,2578,188919,0,Rural,
LN1242,Yes,Male,3+,Yes,23203,10748,203779,0,Rural,Rejected
LN1243,Yes,Male,1,Yes,3268,11352,457604,1,Semiurban,Approved
LN1244,Yes,Female,3+,No,17385,14708,401801,0,Semiurban,
LN1245,Yes,Female,2,Yes,5145,2425,301419,0,Urban,Rejected
LN1246,Yes,Male,1,No,4738,6129,264369,0,Semiurban,Rejected
LN1247,Yes,Female,1,No,24611,12404,364111,0,Urban,Rejected
LN1248,,Female,2,Yes,24567,13705,136620,1,Rural,Rejected
LN1249,Yes,Male,0,No,3056,2374,454762,0,Semiurban,Approved
LN1250,Yes,Female,2,Yes,13721,11496,63725,0,Semiurban,Rejected
LN1251,No,Male,3+,Yes,6037,7830,323582,0,Rural,Rejected
LN1252,Yes,Female,0,Yes,18014,2345,432579,0,Rural,Rejected
LN1253,No,Female,0,Yes,,9424,398134,0,Urban,Rejected
LN1254,Yes,Female,2,Yes,14839,,387950,1,Semiurban,Approved
LN1255,No,Female,3+,Yes,8295,3681,168819,0,Urban,
LN1256,Yes,Female,1,No,8191,3672,192715,0,Urban,Rejected
LN1257,No,Female,0,Yes,2942,7270,456821,0,Semiurban,Rejected
LN1258,No,Female,1,No,8937,6069,473031,1,Semiurban,Approved
LN1259,No,Male,1,Yes,11098,14728,216815,0,Rural,Approved
LN1260,No,Female,2,No,10264,1516,323975,0,Urban,Rejected
LN1261,No,Female,3+,No,10276,3822,165875,0,,Rejected
LN1262,No,Female,1,Yes,5293,4083,169978,0,Semiurban,Rejected
LN1263,No,Male,0,No,24485,12075,139476,1,Urban,Rejected
LN1264,Yes,Female,0,Yes,3596,1825,394626,0,Rural,Rejected
LN1265,No,Male,3+,Yes,15917,,79057,1,Urban,Approved
LN1266,,,2,No,16840,4014,434146,1,Urban,Rejected
LN1267,No,Female,0,No,22532,7859,436894,1,Rural,Rejected
LN1268,Yes,Male,1,Yes,22513,9636,77058,0,Rural,Approved
LN1269,Yes,Female,1,Yes,20882,8212,76095,1,Rural,Approved
LN1270,,Female,1,No,11051,1878,377930,1,Urban,Approved
LN1271,Yes,Male,1,No,10937,,299137,1,Urban,Approved
LN1272,No,Male,1,Yes,20999,14687,418238,1,Rural,Rejected
LN1273,No,Female,2,No,23608,5630,281665,0,Urban,Rejected
LN1274,Yes,,2,Yes,17098,10710,471373,,Rural,Rejected
LN1275,No,,0,No,10753,9097,456597,0,Rural,Rejected
LN1276,No,Female,2,Yes,7337,12324,489121,0,Urban,
LN1277,No,Male,1,No,13413,10338,369158,1,Rural,Rejected
LN1278,No,Male,2,,19315,7007,453098,0,Urban,
LN1279,No,Male,0,No,22536,11578,379372,1,Urban,Rejected
LN1280,No,Female,3+,Yes,5730,13322,434548,0,Rural,Rejected
LN1281,No,Male,1,,17897,6176,75600,1,Rural,Rejected
LN1282,Yes,Female,3+,No,21175,2487,313756,0,Urban,Approved
LN1283,No,,0,No,20877,10768,237935,1,Semiurban,Approved
LN1284,,Female,2,No,4423,8416,256336,0,Semiurban,Rejected
LN1285,,Female,3+,No,11611,13334,365326,0,Semiurban,Rejected
LN1286,No,Male,2,No,10187,10817,474923,0,Semiurban,Approved
LN1287,Yes,Female,0,No,24082,2165,53129,0,Semiurban,Approved
LN1288,No,Female,0,Yes,4442,1996,307874,0,Semiurban,Approved
LN1289,Yes,Male,,No,16742,14186,469931,1,Urban,Approved
LN1290,No,Male,3+,Yes,20232,7654,459830,1,Semiurban,Approved
LN1291,No,Male,1,Yes,21870,,361839,1,Urban,Rejected
LN1292,No,Male,3+,No,9464,,147531,0,Rural,Rejected
LN1293,No,Female,2,No,17950,1843,102807,0,Urban,Rejected
LN1294,No,Male,3+,No,,3111,317856,0,Rural,Approved
LN1295,No,Male,0,No,16468,6244,466121,1,Rural,Approved
LN1296,Yes,Female,3+,No,16435,13464,,1,Semiurban,Rejected
LN1297,Yes,Female,2,Yes,19752,10929,,0,Rural,Rejected
LN1298,Yes,,0,Yes,2804,10911,419499,,,Approved
LN1299,No,Male,2,No,10171,6878,199039,1,Rural,Approved
LN1300,Yes,Female,1,Yes,16510,1133,71574,0,Semiurban,Approved
LN1301,No,Male,3+,No,10441,457,195908,0,Semiurban,Rejected
LN1302,Yes,Female,1,Yes,21330,12722,428501,0,Semiurban,Rejected
LN1303,No,Male,2,Yes,21161,11474,79825,0,Semiurban,Approved
LN1304,Yes,Female,3+,Yes,2329,7360,346629,0,Rural,Approved
LN1305,No,Female,0,No,15265,13562,449684,1,Urban,Approved
LN1306,Yes,Male,,No,2001,7599,324442,0,Rural,Approved
LN1307,No,Female,3+,No,18978,5170,313177,1,,Approved
LN1308,No,Male,1,Yes,6208,9618,133393,1,Urban,Approved
LN1309,Yes,Male,3+,No,7663,3731,253830,1,,Approved
LN1310,No,Female,0,Yes,6747,9991,494080,1,Urban,Approved
LN1311,No,Female,2,No,21700,3090,378167,1,Rural,Approved
LN1312,No,Female,0,Yes,3410,1153,433696,0,Urban,Approved
LN1313,No,Female,3+,Yes,10787,10919,265237,1,Urban,Rejected
LN1314,No,Male,3+,Yes,8355,8547,321467,0,Rural,
LN1315,Yes,Male,1,No,17323,13743,473438,1,Urban,Approved
LN1316,Yes,Female,1,No,20766,12180,315059,,Rural,Approved
LN1317,Yes,Male,1,Yes,16098,7624,295032,1,Rural,Approved
LN1318,Yes,Male,0,Yes,4386,4159,390322,1,Rural,Approved
LN1319,Yes,Female,0,Yes,9299,11677,479617,1,Rural,Approved
LN1320,No,Female,3+,Yes,23802,7513,176691,0,Urban,Approved
LN1321,Yes,Female,1,No,13257,2532,378746,0,Urban,Approved
LN1322,No,Female,0,No,13188,8336,496339,0,Urban,Rejected
LN1323,Yes,Female,0,No,14112,12832,476586,0,Semiurban,Rejected
LN1324,No,Male,2,No,15360,6683,413734,0,Rural,Approved
LN1325,Yes,Female,2,No,21948,11428,432694,0,Urban,Rejected
LN1326,Yes,,0,No,5386,10972,162195,1,Rural,Approved
LN1327,Yes,Male,1,No,20065,12077,323423,0,Semiurban,
LN1328,No,Female,2,Yes,8383,13174,370199,0,Urban,Approved
LN1329,No,Male,0,No,16860,13366,101082,1,Semiurban,Rejected
LN1330,Yes,Male,3+,Yes,20431,8975,324136,1,Semiurban,Approved
LN1331,No,Male,2,Yes,20491,1677,78915,1,Urban,Rejected
LN1332,Yes,Male,1,No,2930,7482,485583,0,Rural,Approved
LN1333,Yes,Female,1,Yes,7068,13392,118091,0,,Rejected
LN1334,Yes,Female,3+,Yes,8570,3860,,1,Urban,Approved
LN1335,No,Female,3+,No,11496,14745,76087,1,Urban,Approved
LN1336,Yes,Female,3+,Yes,8370,7416,205511,1,Rural,Approved
LN1337,No,Male,3+,Yes,7434,1222,405960,1,Urban,Approved
LN1338,Yes,Female,0,Yes,16500,14143,290507,1,,Rejected
LN1339,No,Female,3+,Yes,15453,3179,86424,0,Urban,Approved
LN1340,No,Female,1,Yes,20900,2918,194052,0,Urban,Approved
LN1341,Yes,Female,3+,No,23417,9351,316999,1,Semiurban,Approved
LN1342,No,Male,3+,No,6975,6500,378636,1,Rural,Rejected
LN1343,Yes,,2,No,12799,12546,405569,1,Urban,Approved
LN1344,No,Male,0,No,6364,4262,472446,0,Semiurban,Approved
LN1345,No,,3+,Yes,12261,7474,402695,1,Rural,Approved
LN1346,Yes,Female,1,Yes,11871,13593,255256,1,Rural,Rejected
LN1347,No,Male,0,No,5343,2326,271814,1,Semiurban,Rejected
LN1348,No,Male,2,No,6006,14703,374796,0,,Approved
LN1349,Yes,Female,2,No,3038,8268,,1,Semiurban,Approved
LN1350,Yes,Female,1,Yes,,8327,434951,0,Semiurban,Approved
LN1351,Yes,Male,3+,,11894,8746,134724,0,Urban,Rejected
LN1352,No,Female,1,No,,1934,473735,1,Rural,Rejected
LN1353,Yes,Male,1,No,20948,11295,179259,0,Urban,Rejected
LN1354,No,,0,Yes,15035,12171,349000,0,Semiurban,Rejected
LN1355,Yes,Female,1,No,16421,,332878,0,Rural,
LN1356,No,,2,No,23040,6277,137092,1,Urban,Approved
LN1357,Yes,Female,1,No,18324,2906,144707,0,Urban,Rejected
LN1358,Yes,Male,3+,No,3591,14166,175064,0,Urban,Rejected
LN1359,No,Male,0,Yes,15451,5465,68693,0,Urban,Rejected
LN1360,No,Female,2,No,24802,4055,67070,0,Semiurban,Rejected
LN1361,No,Female,3+,No,,35,89718,1,Semiurban,Rejected
LN1362,No,Female,3+,No,,5911,303939,0,Semiurban,Approved
LN1363,Yes,Male,2,Yes,3180,1207,256226,0,Semiurban,Rejected
LN1364,Yes,Male,1,Yes,9109,,110024,1,Rural,Rejected
LN1365,Yes,Female,1,No,22630,5474,358122,1,Rural,Rejected
LN1366,No,Male,1,No,5471,4708,261574,0,Rural,Rejected
LN1367,No,Male,1,Yes,10675,8999,348133,1,Semiurban,
LN1368,,Female,0,No,2673,10566,126975,0,Urban,Rejected
LN1369,Yes,,1,No,24138,1377,184651,1,Urban,Approved
LN1370,Yes,Male,2,Yes,22077,10710,299202,1,Semiurban,Rejected
LN1371,No,Male,1,Yes,21903,7015,,1,Urban,Approved
LN1372,Yes,Male,0,No,15219,5543,304742,0,Urban,Approved
LN1373,No,Male,1,No,8152,13762,129828,0,Semiurban,Approved
LN1374,Yes,Male,3+,Yes,19160,,483477,,Urban,
LN1375,Yes,Female,2,No,11268,3517,,0,,Rejected
LN1376,Yes,Male,1,Yes,,3986,187943,0,Semiurban,Rejected
LN1377,No,Female,0,No,8313,14343,301143,1,Urban,Approved
LN1378,Yes,Female,1,Yes,9032,3776,,1,Rural,Rejected
LN1379,Yes,Female,0,No,14231,,196498,1,Semiurban,Approved
LN1380,Yes,Male,0,Yes,17719,3877,367449,1,Semiurban,Approved
LN1381,No,Male,2,Yes,6287,11490,319165,0,Rural,Approved
LN1382,No,Male,0,Yes,13681,2073,369306,0,Semiurban,Approved
LN1383,No,Male,1,Yes,5811,13450,181629,1,Semiurban,Approved
LN1384,Yes,Female,1,No,2117,3206,156349,1,Urban,Rejected
LN1385,No,Female,3+,Yes,10718,227,222422,0,Semiurban,Approved
LN1386,No,Female,3+,No,19617,13615,147448,1,Urban,Rejected
LN1387,,Female,3+,Yes,19961,1258,245313,0,Rural,Rejected
LN1388,No,Female,2,Yes,12991,14463,256262,1,Semiurban,Approved
LN1389,No,Male,1,No,14232,8229,439305,1,Semiurban,Approved
LN1390,Yes,Female,1,Yes,12638,3950,315890,,Urban,Approved
LN1391,Yes,Female,0,Yes,14685,3996,419103,1,Semiurban,Rejected
LN1392,No,Male,3+,Yes,4898,7540,432292,1,Urban,Rejected
LN1393,Yes,Female,3+,Yes,11611,3664,81359,1,Semiurban,Approved
LN1394,Yes,Female,3+,Yes,11301,4861,277593,1,Urban,Rejected
LN1395,Yes,Male,1,No,23125,10866,270123,0,Rural,Approved
LN1396,No,Female,1,Yes,7767,3955,219217,1,Urban,Rejected
LN1397,Yes,Male,2,Yes,9566,6217,241553,1,,Approved
LN1398,No,Male,2,Yes,22969,11103,489955,1,Semiurban,Approved
LN1399,Yes,Female,3+,No,19783,9420,330807,0,Semiurban,Rejected
LN1400,Yes,Female,1,Yes,2527,12748,257064,1,Rural,
LN1401,No,Male,2,No,23053,11027,,0,Semiurban,Rejected
LN1402,No,Female,3+,No,,11251,,0,Semiurban,Rejected
LN1403,Yes,Male,0,No,7787,10310,245510,1,Rural,Rejected
LN1404,No,Male,0,Yes,17018,3077,83145,1,Semiurban,Rejected
LN1405,Yes,Female,1,Yes,9261,4773,464128,0,Rural,Approved
LN1406,Yes,Female,1,No,15077,9430,405715,1,Urban,Approved
LN1407,No,Female,1,,,,261955,0,Urban,Approved
LN1408,No,Female,0,No,24685,11738,311679,1,,Rejected
LN1409,Yes,Male,3+,No,14999,2620,95207,0,Rural,Rejected
LN1410,Yes,Male,2,No,21597,2919,142018,0,Rural,Approved
LN1411,Yes,Male,0,Yes,12353,10280,216888,1,Urban,Rejected
LN1412,Yes,,,Yes,24806,12036,138278,1,Urban,Rejected
LN1413,Yes,Male,2,No,10266,3868,369906,1,Semiurban,Approved
LN1414,,Male,3+,,24170,6624,404060,1,Urban,Approved
LN1415,Yes,Female,3+,No,6899,11958,133725,1,Semiurban,Rejected
LN1416,No,Male,1,Yes,22558,9019,495928,0,Semiurban,Rejected
LN1417,Yes,,3+,Yes,6820,7252,298385,0,,Rejected
LN1418,No,Male,2,No,7110,12712,298090,0,Urban,Approved
LN1419,No,Male,1,No,13257,8138,435301,0,Urban,Rejected
LN1420,No,Female,0,Yes,12892,6716,257441,1,Semiurban,Rejected
LN1421,No,Female,1,Yes,14229,4057,,1,Rural,Approved
LN1422,No,Male,2,No,11851,1328,294236,0,Rural,Approved
LN1423,No,Male,3+,Yes,9849,6488,208528,0,Semiurban,Rejected
LN1424,Yes,Female,1,Yes,,10480,61826,0,,Approved
LN1425,Yes,Female,3+,No,11623,13455,100063,0,Urban,Rejected
LN1426,No,Female,2,Yes,20486,8658,409256,1,Urban,Approved
LN1427,No,Male,0,No,21015,,172590,0,Rural,Rejected
LN1428,Yes,Male,3+,Yes,12203,13726,291669,1,Semiurban,Approved
LN1429,No,Male,3+,No,8167,6762,,1,Urban,Rejected
LN1430,Yes,Female,2,No,18802,6012,103850,1,Urban,Approved
LN1431,Yes,Female,3+,No,,2984,219466,1,Rural,Rejected
LN1432,Yes,Male,2,Yes,2006,13570,334305,1,Rural,Rejected
LN1433,Yes,Male,1,No,14868,6254,,0,Semiurban,Rejected
LN1434,No,Female,3+,Yes,2305,13803,367889,0,Urban,Approved
LN1435,Yes,Female,3+,Yes,16250,5495,401561,1,Semiurban,Approved
LN1436,No,Female,0,No,15951,11098,458293,0,Semiurban,Approved
LN1437,No,Female,,,10371,7736,242826,0,Urban,Rejected
LN1438,Yes,Female,1,Yes,7895,11604,474595,0,Semiurban,Rejected
LN1439,Yes,Female,2,Yes,13858,6324,313753,0,Semiurban,Rejected
LN1440,No,Male,1,Yes,3722,7262,200537,0,Semiurban,Approved
LN1441,No,Female,0,Yes,14313,1870,103542,0,Urban,Approved
LN1442,No,Female,0,Yes,7049,11994,72937,1,Rural,Rejected
LN1443,No,Male,2,No,12084,1797,427870,1,Semiurban,Rejected
LN1444,No,Male,2,Yes,5789,,358752,0,Rural,Rejected
LN1445,Yes,Female,3+,No,21769,14059,258616,1,Semiurban,Approved
LN1446,No,Male,3+,Yes,12481,,358939,0,Urban,Rejected
LN1447,No,Male,2,,23159,8088,187579,1,Semiurban,Rejected
LN1448,No,Female,1,No,11004,1772,257053,0,Semiurban,
LN1449,Yes,Female,3+,No,11905,13993,139390,,Urban,Rejected
LN1450,Yes,Male,0,Yes,12692,3555,365289,1,Rural,Rejected
LN1451,Yes,Female,3+,No,16060,9025,402896,0,Urban,Rejected
LN1452,Yes,Female,3+,Yes,8762,7865,308124,0,Urban,Rejected
LN1453,No,Female,2,No,15390,11975,494644,0,Urban,Rejected
LN1454,Yes,Female,0,No,19892,1891,295634,0,Urban,Approved
LN1455,No,Female,0,No,22393,3485,61707,1,Semiurban,Rejected
LN1456,Yes,Female,1,Yes,24563,7868,262196,0,Semiurban,
LN1457,Yes,,,No,,6119,429756,1,Semiurban,Rejected
LN1458,No,Male,2,Yes,7383,4776,106896,1,Urban,Rejected
LN1459,Yes,Male,1,Yes,9873,1967,441141,1,Urban,Approved
LN1460,Yes,Female,0,Yes,22524,3162,301432,1,Urban,Rejected
LN1461,Yes,Female,3+,No,17173,9666,286950,0,Rural,
LN1462,No,Female,,No,,9954,233726,1,Urban,Approved
LN1463,No,Female,0,Yes,3051,11781,167073,0,Rural,Rejected
LN1464,Yes,Female,0,Yes,11165,11506,65765,1,Urban,Rejected
LN1465,No,Female,3+,No,16829,4441,196728,1,Urban,Approved
LN1466,Yes,Female,2,No,12315,12953,233518,0,Semiurban,Approved
LN1467,No,Female,2,Yes,13692,8464,153431,0,Urban,Rejected
LN1468,Yes,Male,2,Yes,8212,985,263325,,,Rejected
LN1469,No,Female,1,Yes,11256,9226,65266,1,Urban,Rejected
LN1470,Yes,Female,2,Yes,8789,7707,494599,1,,Approved
LN1471,No,Female,2,No,17757,9803,213165,1,Urban,Rejected
LN1472,No,Female,3+,Yes,15960,9220,485417,1,Urban,Approved
LN1473,Yes,Female,2,No,3876,1269,282952,0,Urban,Approved
LN1474,Yes,Male,,Yes,22070,2900,235590,1,Semiurban,Approved
LN1475,Yes,Female,2,,23272,1645,83051,1,Urban,Approved
LN1476,No,Female,0,Yes,21324,2665,286756,0,Urban,Approved
LN1477,Yes,Female,0,Yes,5680,2975,194354,0,Urban,Approved
LN1478,Yes,Male,2,No,7344,11419,414868,1,Urban,Rejected
LN1479,No,Male,1,Yes,,6900,419542,1,Urban,Approved
LN1480,No,Female,0,Yes,18293,8328,61862,1,Urban,Rejected
LN1481,Yes,Male,0,No,14885,4861,340758,1,Urban,Rejected
LN1482,No,Male,1,Yes,23640,9935,,1,Semiurban,Rejected
LN1483,Yes,Male,2,No,5741,1308,334656,1,Semiurban,Rejected
LN1484,No,Male,1,No,4683,9118,441070,0,Urban,Approved
LN1485,No,Male,1,Yes,15871,8345,229989,0,Urban,Rejected
LN1486,No,Male,0,No,23551,,430551,1,Urban,Rejected
LN1487,Yes,Female,2,No,24697,,193536,0,Urban,Rejected
LN1488,No,Male,0,Yes,19812,11056,122523,1,Semiurban,Approved
LN1489,No,Female,1,Yes,4983,14077,254403,1,Urban,Rejected
LN1490,No,Female,1,Yes,20991,11963,72992,1,Rural,Approved
LN1491,Yes,Female,1,Yes,15478,13393,382643,0,Urban,Rejected
LN1492,,Male,1,Yes,9357,10705,463893,0,Semiurban,Approved
LN1493,Yes,Female,1,Yes,2947,14301,177412,1,Urban,Rejected
LN1494,Yes,Male,1,Yes,3363,11786,453060,0,Semiurban,
LN1495,No,Female,1,Yes,12861,4965,200054,0,Semiurban,Rejected
LN1496,No,Female,2,No,17211,8387,294181,0,Semiurban,Rejected
LN1497,Yes,Male,2,Yes,10057,12034,318129,1,Urban,Approved
LN1498,Yes,Male,2,No,16875,6320,,1,Rural,Rejected
LN1499,No,Female,2,Yes,14929,14706,268424,1,,Approved
LN1500,No,Male,3+,Yes,,7842,230177,0,Semiurban,Approved
LN1501,Yes,Male,0,No,11001,9281,457766,0,Semiurban,Rejected
LN1502,No,Male,,No,18759,5394,101285,0,Rural,
LN1503,Yes,Female,2,Yes,18208,1540,342251,1,Rural,Approved
LN1504,Yes,Female,0,Yes,,11055,444316,,Rural,Rejected
LN1505,Yes,Male,3+,No,19110,3708,,1,Rural,Approved
LN1506,,Female,2,Yes,12451,392,244150,1,Urban,Approved
LN1507,No,Male,0,Yes,20990,7312,383674,1,Semiurban,
LN1508,Yes,Male,1,No,12657,14329,371250,1,Semiurban,Approved
LN1509,No,Female,2,No,22017,8338,247697,1,Urban,Rejected
LN1510,No,Female,,No,18622,2974,357764,0,Urban,Rejected
LN1511,Yes,Male,1,No,6308,5424,84782,0,Semiurban,Approved
LN1512,No,,1,Yes,13869,3901,449360,0,Urban,Approved
LN1513,Yes,Female,1,No,10587,14455,401081,0,Rural,Rejected
LN1514,No,Female,0,No,18363,7801,204288,1,Semiurban,Rejected
LN1515,No,Male,2,No,17525,9208,250463,0,Urban,Approved
LN1516,Yes,Male,0,No,3388,7829,147903,0,Semiurban,Rejected
LN1517,No,Female,3+,No,2687,2526,336983,0,Urban,Approved
LN1518,No,Female,1,Yes,15162,9106,237608,,Urban,Rejected
LN1519,No,Male,2,Yes,8419,13214,389852,1,Urban,Rejected
LN1520,No,Female,,Yes,8178,8594,310571,0,Urban,Rejected
LN1521,Yes,Female,3+,Yes,5414,14845,92977,0,Rural,Rejected
LN1522,Yes,Female,1,No,23921,11160,151751,0,Semiurban,Approved
LN1523,No,Female,1,No,19995,207,262317,,Urban,Approved
LN1524,No,Male,0,Yes,7503,10110,258012,1,Urban,Rejected
LN1525,Yes,Male,3+,Yes,2515,3315,223849,0,Urban,Rejected
LN1526,No,Female,0,Yes,18531,10781,406815,0,Urban,Rejected
LN1527,No,Female,3+,No,8034,9953,352207,1,Rural,Rejected
LN1528,No,Male,2,Yes,17351,10381,308808,0,Semiurban,Rejected
LN1529,Yes,,3+,,23550,854,380914,1,Urban,Approved
LN1530,No,Female,2,No,7315,10364,355513,1,Rural,Rejected
LN1531,Yes,Male,2,,12892,4027,,0,Semiurban,Approved
LN1532,No,Male,3+,No,14835,2359,287805,1,Urban,Approved
LN1533,No,Female,2,Yes,4382,13433,82826,0,Semiurban,Approved
LN1534,No,Male,0,No,17534,7559,448256,0,Rural,Rejected
LN1535,No,Male,3+,No,24706,2227,464772,0,Urban,Approved
LN1536,Yes,Female,3+,No,8982,5214,298968,,Semiurban,Approved
LN1537,Yes,Female,1,No,24013,12354,491242,1,Urban,Approved
LN1538,Yes,Male,3+,No,6013,8379,100139,0,Semiurban,Approved
LN1539,Yes,Female,,Yes,2857,12834,382856,0,Rural,Approved
LN1540,Yes,,,Yes,5371,5471,256899,1,Semiurban,Rejected
LN1541,No,Male,1,No,20526,13825,124331,1,Urban,Approved
LN1542,Yes,Male,1,No,19074,2902,485611,1,Rural,Approved
LN1543,Yes,Female,2,,8558,8389,72800,1,Rural,Rejected
LN1544,No,Female,2,No,6287,13511,388881,1,Urban,Rejected
LN1545,Yes,Female,3+,No,14905,2870,117942,1,Urban,Approved
LN1546,No,Female,0,Yes,16914,8016,188889,0,Urban,Approved
LN1547,No,Female,3+,No,12462,9471,69731,0,Rural,Approved
LN1548,No,Male,3+,Yes,23051,3044,266890,0,Urban,Rejected
LN1549,No,Female,0,No,4997,9525,82693,0,Semiurban,Approved
LN1550,No,Female,3+,No,16106,2186,493716,1,Rural,Rejected
LN1551,No,Male,2,No,5773,,51526,0,Semiurban,Rejected
LN1552,No,Female,0,No,14893,11339,318970,,Semiurban,Rejected
LN1553,Yes,Female,1,,18779,5644,113493,0,Rural,Approved
LN1554,No,Female,3+,No,15801,3017,92310,0,Semiurban,Approved
LN1555,Yes,Male,2,Yes,4022,9102,348787,1,Rural,Rejected
LN1556,No,Male,0,Yes,20615,12081,469986,1,Urban,Rejected
LN1557,No,Male,3+,Yes,7159,2813,406035,1,Urban,Rejected
LN1558,,Female,0,No,,10766,233346,1,Urban,Approved
LN1559,Yes,Female,3+,Yes,2487,5575,330421,1,Rural,Rejected
LN1560,No,Male,0,No,,6162,392630,0,Rural,Approved
LN1561,No,Male,2,No,6901,1185,450856,1,Rural,Rejected
LN1562,No,Male,2,No,16980,3609,170371,0,Rural,Approved
LN1563,Yes,Male,1,No,2261,8012,356063,1,Rural,Rejected
LN1564,Yes,Male,2,No,23904,7022,482999,1,Semiurban,Approved
LN1565,Yes,Male,1,Yes,,6650,476878,0,Urban,Rejected
LN1566,Yes,Female,2,Yes,12579,10769,158808,0,Rural,Rejected
LN1567,Yes,Female,0,No,19721,7951,108648,0,Rural,Approved
LN1568,Yes,Male,0,No,22210,7059,297621,0,Semiurban,Approved
LN1569,Yes,,1,No,20641,10760,439108,1,Rural,Rejected
LN1570,No,Female,1,No,8850,14637,383412,1,Semiurban,Rejected
LN1571,No,Male,3+,Yes,17561,858,230599,1,Rural,Rejected
LN1572,Yes,Female,1,Yes,13610,14974,442820,,Urban,Approved
LN1573,No,Male,2,No,20221,12846,422374,1,Urban,Rejected
LN1574,Yes,Female,2,Yes,10007,9052,231088,1,Rural,Rejected
LN1575,,Female,1,Yes,19195,228,456573,1,Rural,Approved
LN1576,No,Male,0,No,10140,,233484,1,Rural,Approved
LN1577,No,Female,3+,Yes,12015,13044,149515,0,Semiurban,Approved
LN1578,No,,0,No,21778,4894,429231,1,Urban,Rejected
LN1579,No,Male,1,Yes,15304,7164,370620,1,Urban,Approved
LN1580,No,Female,2,Yes,10115,13057,107228,1,Semiurban,Approved
LN1581,No,Male,2,No,15719,9005,,0,Rural,Rejected
LN1582,No,Female,,Yes,22313,1322,279735,0,Urban,
LN1583,Yes,Female,0,No,,914,423913,1,Urban,Approved
LN1584,Yes,Male,2,Yes,21246,8829,429200,,Rural,Approved
LN1585,Yes,Male,3+,Yes,21916,5991,466837,1,Rural,Approved
LN1586,No,Female,1,Yes,23194,4503,392324,1,Urban,Approved
LN1587,No,,3+,Yes,24688,11583,301987,1,Rural,Rejected
LN1588,No,Female,3+,Yes,21445,7238,,1,Rural,Approved
LN1589,No,Female,1,Yes,16987,7548,297775,0,Urban,Rejected
LN1590,Yes,Female,3+,Yes,2147,14747,147642,1,Rural,Approved
LN1591,Yes,Female,2,No,20090,7077,269593,1,Semiurban,Rejected
LN1592,No,Female,2,No,3306,13085,167622,1,Urban,Approved
LN1593,No,Male,2,Yes,6486,10779,60575,1,Semiurban,Rejected
LN1594,Yes,Male,1,No,11178,7282,247535,1,Rural,Approved
LN1595,Yes,Male,0,Yes,14490,12498,,1,Semiurban,Approved
LN1596,Yes,Male,0,No,15334,13871,490513,1,Urban,Rejected
LN1597,Yes,Female,3+,Yes,13157,14378,77266,0,Semiurban,Rejected
LN1598,No,Male,0,Yes,19361,14196,309230,0,Rural,Approved
LN1599,Yes,Female,1,Yes,17503,9786,433507,0,Rural,
LN1600,No,Male,3+,No,15232,4863,323241,0,Semiurban,Rejected
LN1601,Yes,Male,3+,No,10835,4223,299788,,Rural,Rejected
LN1602,Yes,Male,2,Yes,15450,8158,74249,0,Urban,Approved
LN1603,No,Male,1,No,5278,2757,408225,0,Semiurban,Approved
LN1604,No,Male,1,Yes,22261,2769,353410,1,Urban,Rejected
LN1605,No,Female,3+,No,10405,7456,,0,Rural,Approved
LN1606,No,Female,2,No,7481,2572,84228,1,Urban,Approved
LN1607,Yes,Male,0,Yes,19142,14566,377763,0,Semiurban,Approved
LN1608,No,Female,2,No,6000,1651,391823,0,Urban,Rejected
LN1609,No,Male,2,Yes,,3708,254558,,Semiurban,Approved
LN1610,No,Female,2,,11574,11904,465416,1,Semiurban,Approved
LN1611,No,Female,3+,Yes,15603,13850,297148,1,Rural,Rejected
LN1612,No,Male,2,Yes,19876,9824,331954,1,Rural,Rejected
LN1613,No,Female,2,Yes,4372,11822,86905,0,Urban,Approved
LN1614,No,Female,2,Yes,3614,6723,132014,1,Semiurban,Rejected
LN1615,Yes,Male,1,Yes,14451,12379,439022,1,Rural,Rejected
LN1616,No,Female,1,No,15067,3499,169017,0,Semiurban,Approved
LN1617,No,Female,2,No,7912,10428,379816,1,Rural,Rejected
